{
  "project_info": {
    "project_number": "23309556324",
    "firebase_url": "https://camprangerlist.firebaseio.com",
    "project_id": "camprangerlist",
    "storage_bucket": "camprangerlist.appspot.com"
  },
  "client": [
    {
      "client_info": {
        "mobilesdk_app_id": "1:23309556324:android:987dc56b0c657f37",
        "android_client_info": {
          "package_name": "c637.t72.william.blake.camprangerlist"
        }
      },
      "oauth_client": [
        {
          "client_id": "23309556324-lc9du2scv18k451vkf5hbrbhss1nna7o.apps.googleusercontent.com",
          "client_type": 1,
          "android_info": {
            "package_name": "c637.t72.william.blake.camprangerlist",
            "certificate_hash": "1d16dfd9596c46644a1754ce5c0ddf380d140d0c"
          }
        },
        {
          "client_id": "23309556324-20lkv5264hhv81dh705glf6n53k50d8r.apps.googleusercontent.com",
          "client_type": 3
        }
      ],
      "api_key": [
        {
          "current_key": "AIzaSyDz428feMx2G2NdrUwv6svfJencOv5AD1o"
        }
      ],
      "services": {
        "analytics_service": {
          "status": 1
        },
        "appinvite_service": {
          "status": 2,
          "other_platform_oauth_client": [
            {
              "client_id": "23309556324-20lkv5264hhv81dh705glf6n53k50d8r.apps.googleusercontent.com",
              "client_type": 3
            }
          ]
        },
        "ads_service": {
          "status": 2
        }
      }
    }
  ],
  "configuration_version": "1"
}